company,status_id,status_message,link_name,status_type,status_link,status_published,likes,comments,shares
arend,1625937657667883_1784395755155405,"Neuigkeiten vom Crowdinvesting-Projekt! 

Die Arend Prozessautomation freut sich √ºber die bisherige Bilanz des Crowdinvesting-Projekts sowie das gro√üe Interesse an unserer Aktion.

Noch nichts davon geh√∂rt?
Dann besuchen Sie gleich unsere Projektseite und werden Sie ein Teil von Arend:
https://www.unternehmerich.de/arend",Crowdinvesting: Arend Prozessautomation GmbH - Unternehmerich,video,https://www.unternehmerich.de/arend,2017-01-05 14:55:00,2,0,1
arend,1625937657667883_1783204681941179,"Unser Team bekommt Verst√§rkung!

Wir freuen uns unseren neuen Key-Account-Manager sowie eine neue Kollegin in der Production-IT begr√º√üen zu d√ºrfen.

Wir w√ºnschen ihnen einen guten Start!",Timeline Photos,photo,https://www.facebook.com/arend40/photos/a.1627165647545084.1073741829.1625937657667883/1783204681941179/?type=3,2017-01-02 13:08:53,4,0,0
arend,1625937657667883_1743870685874579,Happy New Year!!!,Timeline Photos,photo,https://www.facebook.com/arend40/photos/a.1627165647545084.1073741829.1625937657667883/1743870685874579/?type=3,2016-12-31 23:01:01,6,0,0
arend,1625937657667883_1780186358909678,"Vom bekannten Wissens-Sender Welt der Wunder TV wurde ein Beitrag zum Thema Digitalisierung im Mittelstand ver√∂ffentlicht.

Mit dabei: die Arend Prozessautomation GmbH!
Nat√ºrlich wollen wir Ihnen diesen interessanten Videobeitrag nicht vorenthalten und w√ºnschen Ihnen vorab schon einmal viel Freude beim Ansehen.

Hier geht's zum Video:
https://www.youtube.com/watch?v=zGq8o5sfpNs&feature=youtu.be",Digitalisierung im Mittelstand - Welt der Wunder,video,https://www.youtube.com/watch?v=zGq8o5sfpNs&feature=youtu.be,2016-12-26 08:07:45,4,0,3
arend,1625937657667883_1743868365874811,Wir w√ºnschen Ihnen frohe Festtage!!!,Timeline Photos,photo,https://www.facebook.com/arend40/photos/a.1627165647545084.1073741829.1625937657667883/1743868365874811/?type=3,2016-12-23 10:50:00,6,0,1
arend,1625937657667883_1777981285796852,"Lesen Sie hier einen interessanten Artikel √ºber die Digitalisierung von Produktions- und Arbeitsprozessen und erleben Sie unseren Gesch√§ftsf√ºhrenden Gesellschafter im Interview.

http://www.weltderwunder.de/artikel/digitale-transformation-im-deutschen-mittelstand",Digitale Transformation im deutschen Mittelstand,link,http://www.weltderwunder.de/artikel/digitale-transformation-im-deutschen-mittelstand,2016-12-20 15:56:47,3,0,1
arend,1625937657667883_1777942402467407,"Neue Herausforderung gesucht!?

Sie verf√ºgen √ºber fundierte Kenntnisse objektorientierter Entwicklung und haben in unterschiedlichen Softwaresystemen Erfahrung gesammelt? Sie verstehen die Konzepte und M√∂glichkeiten einer Softwarearchitektur und k√∂nnen diese auch f√ºr vorgegebene Features einer Applikation definieren? Sie verstehen den Build-Prozess einer C++ Applikation unter Linux und sind in der Lage einzelne Komponenten oder Module in separate Bibliotheken kompilieren?

Dann bewerben Sie sich bei uns!
Arend sucht eine/n erfahrene/n Softwareingenieur/in, Architekt/in oder OO Expert/in als Lead-Entwickler/in.

Weitere Informationen finden Sie unter http://www.arend-automation.de/karriere/",Arend ¬ª KARRIERE,link,http://www.arend-automation.de/karriere/,2016-12-20 14:00:45,3,0,1
arend,1625937657667883_1743852339209747,"Wie die Zeit vergeht!

Bereits ein halbes Jahr ist es her, dass wir unsere G√§ste zum 1. Arend Symposium zum Thema Industrie 4.0 begr√º√üen durften!!

Schauen Sie sich gerne noch einmal die Bilder an und gewinnen Sie einen Eindruck von der erfolgreichen Veranstaltung!

Sie finden die Bilder auf unserer Homepage unter 
http://www.arend-automation.de/1-arend-symposium/",Timeline Photos,photo,https://www.facebook.com/arend40/photos/a.1627165647545084.1073741829.1625937657667883/1743852339209747/?type=3,2016-12-16 13:41:00,4,0,1
arend,1625937657667883_1774644489463865,"Die Arend Prozessautomation GmbH beschreibt ein innovatives Unternehmen in Wittlich, dass sich den neuen und immer wieder wandelnden technologischen Herausforderungen der Industrie 4.0 stellt.

Die Kernkompetenz des Unternehmens stellt seit √ºber 25 Jahren die Automation dar und wird zunehmend um die Technologieberatung und Serviceleistung im Bereich Industrie 4.0 erweitert. M√∂glich wird dies durch das gro√üe Netzwerk in Form von Partnern, Mitgliedschaften und der Kooperation mit Hochschulen und Universit√§ten sowie durch die kompetenten Mitarbeiter des Unternehmens. 

M√∂chten Sie mehr √ºber das Unternehmen erfahren? Dann besuchen Sie uns unter www.arend-automation.de .",Erfolg ist programmierbar.,video,https://www.facebook.com/arend40/videos/1774644489463865/,2016-12-13 14:10:51,10,0,13
arend,1625937657667883_1774573909470923,,Unternehmerich,video,https://www.youtube.com/watch?v=TjZO14S-Sgk,2016-12-13 11:08:44,3,0,0
arend,1625937657667883_1768678270060487,Ho Ho Ho... üéÖ,Timeline Photos,photo,https://www.facebook.com/arend40/photos/a.1627165647545084.1073741829.1625937657667883/1768678270060487/?type=3,2016-12-06 10:50:01,2,0,1
arend,1625937657667883_1768671646727816,"Die Investitionsphase ist er√∂ffnet!!

Nutzen Sie Ihre Chance und werden Sie ein Teil von Arend!

Weitere Informationen finden Sie unter https://www.unternehmerich.de/Arend",Crowdinvesting: Industrie 4.0 - Powered by Arend - Unternehmerich,video,https://www.unternehmerich.de/Arend,2016-12-05 10:50:00,3,0,2
arend,1625937657667883_1769734276621553,"Am Montag ist der Finanzierungsstart des Crowdinvesting-Projekts von Arend. Warum sich eine Investition in die Arend Prozessautomation lohnt? Sehen Sie selbst:
https://www.youtube.com/watch?v=TjZO14S-Sgk",Crowdinvesting: Arend Prozessautomation GmbH,video,https://www.youtube.com/watch?v=TjZO14S-Sgk,2016-12-03 12:23:19,4,0,5
arend,1625937657667883_1767927020135612,,AREND Prozessautomation GmbH's cover photo,photo,https://www.facebook.com/arend40/photos/a.1625950050999977.1073741827.1625937657667883/1767927020135612/?type=3,2016-11-29 14:50:15,4,0,1
arend,1625937657667883_1767370886857892,"Die Arend Prozessautomation bedankt sich bei allen Messebesuchern an unserem Stand 2-360 auf der sps ipc drives!

Arend nahm zwischen dem 22. und 24. November als Aussteller an der sps ipc drives in N√ºrnberg teil und durfte zahlreiche interessante Gespr√§che mit den Besuchern der Fachmesse f√ºhren. Dabei hatten unsere Abteilungsleiter f√ºr s√§mtliche Fragen ein offenes Ohr und begeisterten mit Ihrem Messe-Modell die Interessenten.

Wir bedanken uns daher f√ºr einen erfolgreichen Messeaufenthalt in N√ºrnberg!",Timeline Photos,photo,https://www.facebook.com/arend40/photos/a.1627165647545084.1073741829.1625937657667883/1767370886857892/?type=3,2016-11-28 12:50:01,6,0,2
arend,1625937657667883_1765244650403849,"Viel los am Stand der Arend Prozessautomation!
Schauen auch Sie auf der sps ipc drives am Stand 2-360 vorbei!",Timeline Photos,photo,https://www.facebook.com/arend40/photos/a.1627165647545084.1073741829.1625937657667883/1765244650403849/?type=3,2016-11-23 14:56:42,7,0,2
arend,1625937657667883_1765107707084210,"Die Arend Prozessautomation w√ºnscht Ihnen einen guten Morgen von der sps.
Wir freuen uns bereits auf Ihren heutigen Besuch üòä",Timeline Photos,photo,https://www.facebook.com/arend40/photos/a.1627165647545084.1073741829.1625937657667883/1765107707084210/?type=3,2016-11-23 08:59:35,6,0,4
arend,1625937657667883_1764750577119923,"Treffen Sie heute noch die Arend Prozessautomation auf der sps ipc drives in N√ºrnberg. 
Unsere Ansprechpartner freuen sich auf Sie und Ihre Fragen!",Timeline Photos,photo,https://www.facebook.com/arend40/photos/a.1627165647545084.1073741829.1625937657667883/1764750577119923/?type=3,2016-11-22 13:12:16,13,0,4
arend,1625937657667883_1764683153793332,"Die SPS IPC DRIVES 2016 ist er√∂ffnet!
Besuchen Sie uns am Stand 2-360 und entdecken Sie unser Modell zum Arendar.
Wir freuen uns auf Ihren Besuch!",Timeline Photos,photo,https://www.facebook.com/arend40/photos/a.1627165647545084.1073741829.1625937657667883/1764683153793332/?type=3,2016-11-22 10:03:10,8,0,1
arend,1625937657667883_1743853675876280,"Morgen geht's los!
Besuchen Sie uns an unserem Stand 2-360 in Halle 2.
Wir freuen uns auf Ihren Besuch!",Timeline Photos,photo,https://www.facebook.com/arend40/photos/a.1627165647545084.1073741829.1625937657667883/1743853675876280/?type=3,2016-11-21 10:50:00,3,1,1
arend,1625937657667883_1762963237298657,"Wir machen Crowdinvesting!
Interessiert? Dann folgen Sie unserem Projekt unter https://www.unternehmerich.de/arend",AREND Prozessautomation GmbH's cover photo,photo,https://www.facebook.com/arend40/photos/a.1625950050999977.1073741827.1625937657667883/1762963237298657/?type=3,2016-11-18 07:03:56,9,0,1
arend,1625937657667883_1762574370670877,"Die Arend Prozessautomation im Messe Kurier!!

Die Arend Prozessautomation ist mit einem Fachbeitrag √ºber den Arendar, das erste unternehmenseigene Produkt, in der aktuellen Ausgabe des Messekuriers vertreten.

Lesen Sie den Artikel online unter http://www.messekurier.de/online2016/mk2016-30-sps/",Ausgabe zur SPS/IPC/DRIVES 2016,link,http://www.messekurier.de/online2016/mk2016-30-sps/,2016-11-17 12:50:01,3,0,1
arend,1625937657667883_1762255950702719,"Neue Brosch√ºre!

Die Arend Prozessautomation freut sich Ihnen die neue Imagebrosch√ºre pr√§sentieren zu d√ºrfen! Entdecken Sie die aktuelle √úbersicht zu unserem Leistungsangebot und erfahren Sie mehr √ºber das T√§tigkeitsfeld unseres Unternehmens. 

Neugierig? Dann schauen Sie auf unserer Homepage vorbei: 
http://www.arend-automation.de/downloads/",Timeline Photos,photo,https://www.facebook.com/arend40/photos/a.1627165647545084.1073741829.1625937657667883/1762255950702719/?type=3,2016-11-16 13:10:18,5,0,5
arend,1625937657667883_1761799484081699,"Nur noch eine Woche!!

Heute in einer Woche ist es soweit und die SPS IPC DRIVES √∂ffnet erneut ihre Pforten!
Seien Sie dabei, wenn wir unser erstes eigenes Produkt vorstellen und erfahren Sie mehr √ºber unser Unternehmen!

Sie m√∂chten sich vorab √ºber die Arend Prozessautomation oder Ihren passenden Ansprechpartner informieren?
Dann besuchen Sie uns unter www.arend-automation.de",Arend,link,http://www.arend-automation.de/,2016-11-15 14:50:01,2,0,1
arend,1625937657667883_1761799244081723,Neugierig? Dann besuchen Sie uns auf unserer Seite http://www.arend-automation.de/crowdinvesting/,Unternehmerich,photo,https://www.facebook.com/unternehmerich/photos/a.926452994071944.1073741828.864118516972059/1278040892246484/?type=3,2016-11-15 10:04:34,3,0,0
arend,1625937657667883_1759869924274655,"Dankesch√∂n!

Wir m√∂chten uns auf diesem Weg gerne bei allen Bewerbern und Besuchern an unserem Stand auf der Firmenkontaktmesse f√ºr die zahlreichen und interessanten Gespr√§che bedanken!!

Und sehen Sie mal, welcher Stand auf dem Titel der Berichterstattung der Online-Zeitung ""Trier-Reporter"" abgebildet ist ;)

Hier geht's zum Artikel:
http://www.trier-reporter.de/gesucht-ein-praktikum-oder-einen-job/#more-20233",Gesucht: Ein Praktikum oder einen Job | Trier Reporter,link,http://www.trier-reporter.de/gesucht-ein-praktikum-oder-einen-job/#more-20233,2016-11-10 12:32:08,6,0,0
arend,1625937657667883_1758887731039541,Gleich geht's los! Sind Sie auch dabei?,Timeline Photos,photo,https://www.facebook.com/arend40/photos/a.1627165647545084.1073741829.1625937657667883/1758887731039541/?type=3,2016-11-08 08:30:10,7,2,0
arend,1625937657667883_1757971587797822,"Den Blick nach vorne gerichtet und die Sinne gesch√§rft!
 
Die Gesch√§ftsf√ºhrung der Arend Prozessautomation fand sich am Wochenende zu einer Tagung in der Abtei Himmerod zusammen und entwickelte neue Strategien, um Ihnen auch zuk√ºnftig die bestm√∂glichen L√∂sungsans√§tze pr√§sentieren zu k√∂nnen.
Unterst√ºtzt wurde unser Workshop durch die fachliche Kompetenz von Professor Block der Universit√§t Trier.

Einen besonderen Dank m√∂chten wir zudem gegen√ºber Pater Stephan aussprechen, der uns sehr freundlich in dieser Zeit empfangen hat.",Timeline Photos,photo,https://www.facebook.com/arend40/photos/a.1627165647545084.1073741829.1625937657667883/1757971587797822/?type=3,2016-11-07 10:50:01,8,0,1
arend,1625937657667883_1757135207881460,"Neue Herausforderung gesucht?
Wir suchen eine/n Mitarbeiter/in f√ºr den technischen Einkauf und das Controlling!

Zu Ihren Aufgaben geh√∂rt u.a. die Beschaffung von Produkten und Dienstleistungen im Bereich der Automatisierungs- und Elektrotechnikbranche sowie die Optimierung, der Ausbau und die Steuerung der Einkaufsprozesse. Dar√ºber hinaus t√§tigen Sie die selbstst√§ndige und eigenverantwortliche Durchf√ºhrung von Preis- und Konditionsverhandlungen sowie Vertragsgespr√§chen. 

Weitere Informationen zum Stellenprofil finden Sie unter http://www.arend-automation.de/karriere/",Arend ¬ª KARRIERE,link,http://www.arend-automation.de/karriere/,2016-11-04 10:50:00,1,0,2
arend,1625937657667883_1744129792515335,"Nur noch wenige Tage bis zur Firmenkontaktmesse der Hochschule Trier!
Sind Sie auch dabei?",Timeline Photos,photo,https://www.facebook.com/arend40/photos/a.1627165647545084.1073741829.1625937657667883/1744129792515335/?type=3,2016-11-03 12:50:01,2,0,2
arend,1625937657667883_1752799468315034,"Neuer Mitarbeiter!

Wir hei√üen unseren neuen Kollegen in der Hardware-Planung herzlich willkommen. Diesmal verst√§rken wir uns mit einem jungen Profi der Automatisierungstechnik und freuen uns √ºber den frischen Wind im Team!

Wir w√ºnschen ihm einen guten Start und viel Erfolg!",Timeline Photos,photo,https://www.facebook.com/arend40/photos/a.1627165647545084.1073741829.1625937657667883/1752799468315034/?type=3,2016-11-02 10:50:01,2,0,0
arend,1625937657667883_1743858489209132,Happy Halloween!,Timeline Photos,photo,https://www.facebook.com/arend40/photos/a.1627165647545084.1073741829.1625937657667883/1743858489209132/?type=3,2016-10-31 10:50:01,2,0,0
arend,1625937657667883_1753205771607737,,AREND Prozessautomation GmbH,photo,https://www.facebook.com/arend40/photos/a.1625942134334102.1073741825.1625937657667883/1753205771607737/?type=3,2016-10-27 11:28:05,6,0,0
arend,1625937657667883_1750210315240616,"Wir sind Mitglied in der ZIRP!!

Wir freuen uns Ihnen mitteilen zu d√ºrfen, dass wir nun auch Mitglied in der Zukunftsinitiative Rheinland-Pfalz, kurz ZIRP, sind.

Hier geht's zur Mitglieder√ºbersicht der ZIRP:
http://www.zirp.de/die-zirp/mitglieder",Mitglieder,link,http://www.zirp.de/die-zirp/mitglieder,2016-10-21 09:50:00,5,0,2
arend,1625937657667883_1746501918944789,"Sie suchen eine attraktive Stelle als Softwareingenieur/in in einem motivierten und kollegialen Team? 

Dann haben wir genau das richtige f√ºr Sie! 
Die Arend Prozessautomation sucht eine/n Softwareingenieur/in in der Automatisierungstechnik.

Zu Ihren Aufgaben geh√∂rt das projektieren von Software f√ºr Sondermaschinen sowie f√ºr verfahrenstechnische Anlagen. Neben der Projektierung erstellen Sie die dazugeh√∂rige Visualisierung mit den aktuellen Software-Systemen. Ihre T√§tigkeit beschr√§nkt sich nicht nur auf die reine Programmierung. Dar√ºber hinaus stehen Sie im Kontakt mit den Endkunden und besprechen mit diesen die verfahrenstechnischen Anforderungen der Maschinen. Das Erstellen von Dokumentationen und die Beschreibung der Visualisierungskonzepte geh√∂rt ebenfalls zu Ihren Aufgabenstellungen.

Haben wir Ihr Interesse geweckt? Dann besuchen Sie uns auf unserer Homepage und schauen Sie sich die vollst√§ndige Stellenanzeige an!

http://www.arend-automation.de/karriere/",Arend ¬ª KARRIERE,link,http://www.arend-automation.de/karriere/,2016-10-13 09:50:00,2,0,0
arend,1625937657667883_1743499992578315,"Wir suchen eine/n Hardwareplaner/in!!

Sie suchen nach einer neuen Herausforderung und konnten schon einige Erfahrung im Schaltanlagenbau und/ oder der Elektromontage sammeln?
Dann bewerben Sie sich bei uns!

Wir suchen eine/n Hardwareplaner/in f√ºr unseren Standort in Wittlich.

Weitere Informationen zur Stelle und den Vorz√ºgen einer Anstellung bei der Arend Prozessautomation GmbH finden Sie unter http://www.arend-automation.de/karriere/",Arend ¬ª KARRIERE,link,http://www.arend-automation.de/karriere/,2016-10-06 09:50:00,2,0,2
arend,1625937657667883_1740282572900057,"Noch nicht die passende Abschlussarbeit gefunden?
Interesse an der Programmierung eines Raspberry Pi basierten Datensammlers?

Dann haben wir das richtige Thema f√ºr Ihre Abschlussarbeit!

Die Arend Prozessautomation GmbH sucht eine Studentin/ einen Studenten f√ºr eine Projektarbeit (BA/MA) mit dem Fokus der Programmierung eines Raspberry Pi basierten Datensammlers.

Mehr Infos zur Stellenausschreibung finden Sie unter http://www.arend-automation.de/karriere/",Arend ¬ª KARRIERE,link,http://www.arend-automation.de/karriere/,2016-10-04 11:50:00,1,0,1
arend,1625937657667883_1741334116128236,"Das Team der Arend Prozessautomation GmbH w√ºnscht Ihnen ein angenehmes, verl√§ngertes Wochenende!!",,status,,2016-09-30 14:00:01,2,0,0
arend,1625937657667883_1740039546257693,"Auf der Suche nach einer neuen Herausforderung? Noch keine Abschlussarbeit gefunden? Wir helfen weiter!

Die Arend Prozessautomation GmbH sucht eine Studentin/ einen Studenten f√ºr eine Projektarbeit (BA/ MA) zur Programmierung eines RFID-Readers unter Windows CE.

N√§heres zur Stellenausschreibung finden Sie unter http://www.arend-automation.de/karriere/

Wir freuen uns auf Ihre Bewerbung!",Arend ¬ª KARRIERE,link,http://www.arend-automation.de/karriere/,2016-09-26 14:54:52,4,0,4
arend,1625937657667883_1736812619913719,"Nutzen Sie die verbleibenden drei Tage und bewerben Sie sich an der Professur f√ºr Unternehmensf√ºhrung und Mittelstand Universit√§t Trier f√ºr eine Bachelor- oder Masterarbeit in Kooperation mit der Arend Prozessautomation GmbH im Bereich Marketing. 

Profitieren Sie von einer spannenden und praxisnahen Abschlussarbeit und lernen Sie uns pers√∂nlich kennen!

Sie m√∂chten mehr √ºber die Arend Prozessautomation GmbH erfahren? Dann besuchen Sie uns auf unserer Homepage: www.arend-automation.de",Timeline Photos,photo,https://www.facebook.com/arend40/photos/a.1627165647545084.1073741829.1625937657667883/1736812619913719/?type=3,2016-09-22 11:50:01,3,0,3
arend,1625937657667883_1737169773211337,"In Zusammenarbeit mit der Professur f√ºr Unternehmensf√ºhrung und Mittelstand Universit√§t Trier stellen wir zwei Themen im Bereich Marketing, wahlweise als Bachelor- oder Master-Thesis.

Alle notwendigen Informationen zu unseren Themen sowie Anmeldefristen und -voraussetzungen finden Sie auf der Homepage des Lehrstuhls (http://goo.gl/3yrZkd).

Sie m√∂chten regelm√§√üig √ºber Neuigkeiten der Arend Prozessautomation GmbH informiert werden? Nichts leichter als das: Fan werden und ""Gef√§llt mir"" dr√ºcken.",Timeline Photos,photo,https://www.facebook.com/arend40/photos/a.1627165647545084.1073741829.1625937657667883/1737169773211337/?type=3,2016-09-19 07:50:01,3,0,2
arend,1625937657667883_1735596730035308,"Die Arend Prozessautomation GmbH auf der Firmenkontaktmesse der Hochschule Trier!!

Merken Sie sich den Termin vor und besuchen Sie die Arend Prozessautomation GmbH auf der Firmenkontaktmesse der Hochschule Trier am 08.11.2016. Stellen Sie Ihre Fragen vor Ort und nutzen Sie die Chance, Ihre Ansprechpartner pers√∂nlich kennen zu lernen.  Machen Sie sich auf diesem Wege ein Bild von den beruflichen M√∂glichkeiten unseres Unternehmens und schauen Sie vorbei. 

Neugierig geworden? Weitere Informationen zur Arend Prozessautomation finden Sie auf unserer Homepage: www.arend-automation.de",Arend,link,http://www.arend-automation.de/,2016-09-15 09:50:01,5,0,1
arend,1625937657667883_1732217833706531,"Die Arend Prozessautomation auf der SPS IPC DRIVES 2016 in N√ºrnberg!

Besuchen Sie uns vom 22.11.-24.11.2016 in N√ºrnberg an unserem Messestand mit der Nummer 360 in Halle 2. 

Wir freuen uns auf Ihren Besuch vor Ort!!!",Timeline Photos,photo,https://www.facebook.com/arend40/photos/a.1627165647545084.1073741829.1625937657667883/1732217833706531/?type=3,2016-09-08 09:50:01,3,0,2
arend,1625937657667883_1729951223933192,"Herzlich Willkommen im Team der Arend Prozessautomation!
 
Gleich zwei neue Mitarbeiter im Software-/ IT-Bereich, einen neuen Kollegen in der Hardware-Planung und eine neue Leitung f√ºr unseren Marketingbereich d√ºrfen wir Ihnen verk√ºnden.
 
Wir w√ºnschen unseren neuen Mitarbeitern viel Erfolg und einen guten Start!",Timeline Photos,photo,https://www.facebook.com/arend40/photos/a.1627165647545084.1073741829.1625937657667883/1729951223933192/?type=3,2016-09-01 10:00:01,5,0,0
arend,1625937657667883_1727735447488103,"Unser Gesch√§ftsf√ºhrer, Prof. Dr. h.c. Haas, nutzte die Chance und dr√ºckte der Eintracht Trier am vergangenen Montag die Daumen!",Timeline Photos,photo,https://www.facebook.com/arend40/photos/a.1627165647545084.1073741829.1625937657667883/1727735447488103/?type=3,2016-08-25 12:42:06,7,0,1
arend,1625937657667883_1727722947489353,,AREND Prozessautomation GmbH's cover photo,photo,https://www.facebook.com/arend40/photos/a.1625950050999977.1073741827.1625937657667883/1727722947489353/?type=3,2016-08-25 11:51:27,1,0,0
arend,1625937657667883_1713429742252007,"AREND Robotik

AREND baut zurzeit die Abteilung AREND Robotics mit neuen Mitarbeitern auf. AREND Robotics bietet Dienstleistungen mit kollaborativen Robotern (sogenannten Cobots), die ohne Zelleneinhausung direkt mit Mitarbeitern interagieren.

Cobots k√∂nnen ohne Gefahr in direkter Interaktion mit dem Menschen zusammenarbeiten. Je nach ausgew√§hltem System, Ausstattung und F√§higkeiten ergeben sich unter-schiedliche Einsatzszenarien. Die handhabbaren Gewichte sind aufgrund der eingebauten Schutzfunktionen kleiner als bei klassischen Industrierobotern (bis 5kg), jedoch sind die kollaborativen Systeme wesentlich flexibler einsetzbar, g√ºnstiger und leichter zu programmieren.
AREND wird Sie hier herstellerunabh√§ngig beraten und die Einsatzm√∂glichkeiten in Ihrer Produktion umfassend evaluieren.

http://www.dguv.de/ifa/Fachinfos/Kollaborierende-Roboter/index.jsp

Armaturenbrettmontage
Bild: Daimler AG",www.dguv.de,link,http://www.dguv.de/ifa/Fachinfos/Kollaborierende-Roboter/index.jsp,2016-07-18 06:47:31,0,0,0
arend,1625937657667883_1711043012490680,nextLAP GmbH und AREND Partner gewinnt den von der Initiative Deutschland Digital erstmalig verliehenen Digital Economy Award,Audi gewinnt Digital Economy Award,link,https://www.audi-mediacenter.com/de/pressemitteilungen/audi-gewinnt-digital-economy-award-6436,2016-07-12 07:54:33,0,0,0
arend,1625937657667883_1707258396202475,"http://www.trier-reporter.de/wir-schauen-offenbar-immer-nur-auf-das-risiko/

Chancen und M√∂glichkeiten von Industrie 4.0!",‚ÄúWir schauen offenbar immer nur auf das Risiko‚Äú | Trier Reporter,link,http://www.trier-reporter.de/wir-schauen-offenbar-immer-nur-auf-das-risiko/,2016-07-01 09:01:51,5,0,0
arend,1625937657667883_1706585036269811,"Praktikum gesucht?
AREND Prozessautomation bietet Praktika in den Bereichen Marketing, Informatik, Elektrotechnik an

#arend40",Timeline Photos,photo,https://www.facebook.com/arend40/photos/a.1627165647545084.1073741829.1625937657667883/1706585036269811/?type=3,2016-06-29 09:19:20,0,0,0
arend,1625937657667883_1705958592999122,https://www.uni-trier.de/index.php?id=59535,Universit√§t Trier: Forschungsstelle Mittelstand - Fotos und Impressionen,link,https://www.uni-trier.de/index.php?id=59535,2016-06-27 10:59:04,0,0,0
arend,1625937657667883_1704704119791236,Der t√§gliche Arbeitsplatz unseres Projektleiters in Peru! Die Arbeiten laufen reibungslos üëå,Timeline Photos,photo,https://www.facebook.com/arend40/photos/a.1627165647545084.1073741829.1625937657667883/1704704119791236/?type=3,2016-06-23 10:39:52,5,0,0
arend,1625937657667883_1703672276561087,"http://www.volksfreund.de/nachrichten/region/hunsrueck/kurz/Kurz-Auszeichnung-fuer-die-besten-Studenten;art8080,4494395
#arend40",Auszeichnung f√ºr die besten Studenten - volksfreund.de,link,"http://www.volksfreund.de/nachrichten/region/hunsrueck/kurz/Kurz-Auszeichnung-fuer-die-besten-Studenten;art8080,4494395",2016-06-20 09:20:07,3,0,0
arend,1625937657667883_1702273043367677,#arend40,1. AREND Symposium zum Thema Industrie 4.0,photo,https://www.facebook.com/arend40/photos/a.1702273033367678.1073741831.1625937657667883/1702273043367677/?type=3,2016-06-16 13:35:56,0,0,2
arend,1625937657667883_1699628083632173,"Melden Sie sich noch Heute an!
Die Teilnahme ist kostenfrei",AREND Prozessautomation GmbH,photo,https://www.facebook.com/arend40/photos/a.1627165647545084.1073741829.1625937657667883/1698851950376453/?type=3,2016-06-08 12:27:12,0,0,0
arend,1625937657667883_1699264413668540,http://lokalo.de/artikel/108027/arend-symposium-industrie-4-0,Arend Symposium Industrie 4.0 ‚Ä∫ lokalo.de,link,http://lokalo.de/artikel/108027/arend-symposium-industrie-4-0,2016-06-07 13:33:47,0,0,0
arend,1625937657667883_1698851950376453,"AREND Symposium Industrie 4.0
Anmeldungen noch bis zum 08.06.2016
symposium@arend-automation.de",Timeline Photos,photo,https://www.facebook.com/arend40/photos/a.1627165647545084.1073741829.1625937657667883/1698851950376453/?type=3,2016-06-06 12:45:23,2,0,1
arend,1625937657667883_1697691083825873,"Besuchen Sie unser Symposium zum aktuellen Thema Industrie 4.0
Anmeldungen bis zum 08.06.2016 m√∂glich!",Vernetzte Maschinen - volksfreund.de,link,http://lifestyle.volksfreund.de/4487503,2016-06-03 10:08:23,0,0,0
arend,1625937657667883_1697054130556235,"http://www.eifelzeitung.de/region/bernkastel-wittlich/arend-symposium-industrie-4-0-128243/

Melden Sie sich noch Heute zum AREND Symposium Industrie 4.0 an!",Arend Symposium Industrie 4.0 - Eifel - Zeitung,link,http://www.eifelzeitung.de/region/bernkastel-wittlich/arend-symposium-industrie-4-0-128243/,2016-06-01 07:18:04,0,0,1
arend,1625937657667883_1693481000913548,"~ Implementierung von Industrie 4.0 in Rheinland-Pfalz
~ M√∂glichkeiten der volldigitalisierten Produktion 
~ Integrierte Verarbeitung von Produktionsdaten 

Melden Sie sich noch heute zu unserem Symposium an!",AREND Symposium Industrie 4.0 -kostenfrei,event,https://www.facebook.com/events/1020387788050354/,2016-05-23 05:48:04,0,0,0
arend,1625937657667883_1692110474383934,"http://www.trier-reporter.de/arend-prozessautomation-und-industrie-4-0/

Melden Sie sich bis zum 08.06.2016 an:
Fax +49 6571 95579 ‚Äì 28
symposium@arend-automation.de
Online-Registrierung: https://de.surveymonkey.com/r/WTHCG9F

AREND Symposium Industrie 4.0 an
Donnerstag, 16. Juni 2016, 10.00 ‚Äì 16.00 Uhr
Am Kleinen Rotenberg 21
54516 Wittlich, Rheinland-Pfalz",Arend Prozessautomation und Industrie 4.0 | Trier Reporter,link,http://www.trier-reporter.de/arend-prozessautomation-und-industrie-4-0/,2016-05-19 11:37:11,1,0,1
arend,1625937657667883_1685123391749309,"Unser Buchtipp
Produktion 4.0 ‚Äì Neue Wege f√ºr die Automobilindustrie

Die ehemaligen Audi-IT-Manager Andr√© Ziemke und Dr. Thomas St√∂ckel beschreiben aus der Praxis, wie sich die Produktion der Zukunft (Produktion 4.0) in die Tat umsetzen l√§sst und warum die Automobilindustrie damit nicht l√§nger warten sollte.

http://www.automotiveit.eu/produktion-4-0",Produktion 4.0 ‚Äì Neue Wege f√ºr die Automobilindustrie_2. Auflage - automotiveIT,link,http://www.automotiveit.eu/produktion-4-0,2016-04-29 11:36:41,0,0,0
arend,1625937657667883_1679556532305995,,Timeline Photos,photo,https://www.facebook.com/arend40/photos/a.1627165647545084.1073741829.1625937657667883/1679556532305995/?type=3,2016-04-13 06:50:29,0,0,0
arend,1625937657667883_1700336536910468,,IHK Trier_Industrie und Arbeit 4.0,event,https://www.facebook.com/events/1700336536910468/,2016-04-05 13:04:56,0,0,0
arend,1625937657667883_1670243349903980,,Timeline Photos,photo,https://www.facebook.com/arend40/photos/a.1627165647545084.1073741829.1625937657667883/1670243349903980/?type=3,2016-03-23 13:27:06,1,0,1
arend,1625937657667883_1020387788050354,,AREND Symposium Industrie 4.0 -kostenfrei,event,https://www.facebook.com/events/1020387788050354/,2016-02-15 10:55:58,2,0,0
arend,1625937657667883_1648239082104407,Industrial Automation 4.0 powered by AREND,Photos from AREND Prozessautomation GmbH's post,photo,https://www.facebook.com/arend40/photos/a.1627165647545084.1073741829.1625937657667883/1648238982104417/?type=3,2016-01-13 14:38:36,0,0,0
arend,1625937657667883_1645736945687954,Nur das Beste im neuen Jahr!!!!,Timeline Photos,photo,https://www.facebook.com/arend40/photos/a.1627165647545084.1073741829.1625937657667883/1645736945687954/?type=3,2016-01-05 12:59:51,0,0,0
arend,1625937657667883_1640965922831723,AREND Prozessautomation w√ºnscht Ihnen und Ihren Lieben eine m√§rchenhafte Weihnachtszeit und ein wundervolles neues Jahr,Timeline Photos,photo,https://www.facebook.com/arend40/photos/a.1627165647545084.1073741829.1625937657667883/1640965922831723/?type=3,2015-12-21 14:19:45,2,0,0
arend,1625937657667883_1639173336344315,"AREND Prozessautomation bietet FELTEN PILOT[Suite] an

Um den Bed√ºrfnissen der modernen Industrieproduktion entgegen zu kommen, bietet AREND INFORMATION mit der FELTEN PI-LOT[Suite] ein modulares L√∂sungskonzept an. In eine moderne Server-Client-Architektur k√∂nnen verschiedene Module integriert werden, die jeweils spezifische Aspekte der Produktionsprozesse optimal ansprechen: Auftragsverwaltung, Anlageneffizienz (OEE), Wiegen-Dosieren-F√ºllen, Qualit√§tsmanagement/LIMS, Lagermanagement/Kanban, Energiemanagement",,status,,2015-12-16 06:51:16,0,0,0
arend,1625937657667883_1636087303319585,"AREND auf der Jahrestagung des CVC - commercial vehicle cluster - im Mercedes LKW-Werk in W√∂rth

Leiter der Informationstechnologie Dr.-Ing. Markus Jostock hat die Jahrestagung des Commercial Vehicle Cluster in W√∂rth besucht.

Der industrielle/wissenschaftliche Verein CVC ist ein durch die EU (EFRE) und das Land Rheinland-Pfalz gef√∂rdertes Netzwerk im S√ºdwesten Deutschlands, welches gegr√ºndet wurde um die Nutzfahrzeugbranche in und um die Region zu st√§rken (Bau , Landwirtschaft, Verkehr).

Am interessantesten war der ORTEN 75, ein nachger√ºsteter 7,5 to. LKW mit Voll-Elektroantrieb!",,status,,2015-12-04 10:38:51,0,0,0
arend,1625937657667883_1635125313415784,"Teamverst√§rkung

AREND Prozessautomation erh√§lt Verst√§rkung seines Hardware-Entwicklungsteams. 

Wir begr√º√üen unseren neuen Mitarbeiter in der Hardwareabteilung. Mit seiner weitreichenden Erfahrung in ePLAN und der Entwicklung von Schaltanlagen wird unser Kundenengagement nochmals verst√§rkt",,status,,2015-11-30 15:30:57,0,0,0
arend,1625937657667883_1633631843565131,,AREND Prozessautomation auf der SPS IPC Drives,event,https://www.facebook.com/events/818955631554284/,2015-11-24 13:55:35,0,0,0
arend,1625937657667883_1632460990348883,"AREND Award Industrie 4.0

AREND Prozessautomation veranstaltet mit Unterst√ºtzung der IHK Trier am 16. Juni 2016 ein Symposium zum
Thema Industrie 4.0. Dazu suchen wir herausragende studentische Beitr√§ge (z.B. Bachelorarbeit,
Masterarbeit, Projektstudie) rund um das Themengebiet Industrie 4.0, die auf dem Symposium
pr√§miert werden.
1. Platz: 4.000 ‚Ç¨
2. Platz: 2.000 ‚Ç¨
3. Platz: 1.000 ‚Ç¨

Bewirb Dich noch heute!
http://www.arend-automation.de/award/",Arend ¬ª AWARD,link,http://www.arend-automation.de/award/,2015-11-19 13:26:47,1,0,2
arend,1625937657667883_1630309660564016,"AREND Prozessautomation erweitert seine Gesch√§ftsbereiche

Der erh√∂hte Bedarf an umfassenden L√∂sungen f√ºr Industrie 4.0 im deutschen Mittelstand veranlasst AREND Prozessautomation seine Gesch√§ftsfelder um zwei Bereiche zu erweitern:

AREND AUTOMATION b√ºndelt die bisherigen Aktivit√§ten der Produktionsautomation 

AREND INFORMATION bietet L√∂sungen f√ºr die Produktions-IT z.B. im Bereich BDE/MDE, Anlageneffizienz (OEE), Wartungsmanagement, Energiemanagement und Track&Trace

AREND COMMUNICATION fokussiert auf die Netzwerk-Infrastruktur im industriellen Umfeld",Photos from AREND Prozessautomation GmbH's post,photo,https://www.facebook.com/arend40/photos/a.1627165647545084.1073741829.1625937657667883/1630309580564024/?type=3,2015-11-10 11:06:24,0,0,0
arend,1625937657667883_1628413707420278,"AREND Prozessautomation auf dem SAP Partner Summit in Frankfurt

AREND Gesch√§ftsf√ºhrer Haas und Leiter der Informationstech-nologie Jostock waren zu Gast auf dem SAP Partner Summit in Frankfurt. Interessante Vortr√§ge √ºber die Zukunft von SAPs neuem Flagschiff S/4Hana und die Tendenz zur ‚ÄûCloud-First‚Äú Strategie vieler Unternehmen waren beherrschendes Thema auf dem Kongress. Der Tenor best√§tigt die neue Strategie von AREND mit dem neuen Gesch√§ftsbereich AREND INFORMATION auch neue, cloudbasierte Dienste im Bereich der Produktions-IT anzubieten.",,status,,2015-11-02 09:12:47,0,0,0
arend,1625937657667883_1151383911555736,,AREND Prozessautomation auf der MEE,event,https://www.facebook.com/events/1151383911555736/,2015-10-29 12:30:14,0,0,0
arend,1625937657667883_818955631554284,,AREND Prozessautomation auf der SPS IPC Drives,event,https://www.facebook.com/events/818955631554284/,2015-10-29 12:18:50,0,0,0
arend,1625937657667883_1627165614211754,"Gesch√§ftsf√ºhrer Axel Haas auf dem Mittelstandstag 4.0 in der SmartFactory am DFKI in Kaiserslautern

Axel Haas, Gesch√§ftsf√ºhrer von AREND Prozessautomation konnte aus erster Hand der Pr√§sentation von Prof. Z√ºhlke an der SmartFactory in Kaiserslautern folgen. Zusammen mit wenigen geladenen G√§sten pr√§sentierte sich das DFKI am Mittelstandstag 4.0 vor Ministerpr√§sidentin Malu Dreyer und Bundeswirtschaftsminister Sigmar Gabriel.",Timeline Photos,photo,https://www.facebook.com/arend40/photos/a.1627165647545084.1073741829.1625937657667883/1627165614211754/?type=3,2015-10-28 07:14:12,1,0,0
arend,1625937657667883_1626723574255958,"Montage√ºberwachung
Aufbruch zur Inbetriebnahme einer von AREND Prozessautomation projektierten, gro√üen Automatisierungsanlage. Wir w√ºnschen unseren zwei Projektleitern eine gute Anreise und viel Erfolg",,status,,2015-10-26 12:43:29,1,1,0
